path	blockfile
answer-guides/afternoon-energy-crash-guide.md	afternoon-energy-crash-guide.block.md
answer-guides/fatigue-low-vitality-guide.md	fatigue-low-vitality-guide.block.md
answer-guides/normal-tests-persistent-fatigue-guide.md	normal-tests-persistent-fatigue-guide.block.md
answer-guides/post-viral-fatigue-guide.md	post-viral-fatigue-guide.block.md
answer-guides/recovery-after-treatment-guide.md	recovery-after-treatment-guide.block.md
answer-guides/still-tired-after-weekend-sleep-guide.md	still-tired-after-weekend-sleep-guide.block.md
answer-guides/tired-after-small-activity-guide.md	tired-after-small-activity-guide.block.md
answer-guides/tired-from-morning-guide.md	tired-from-morning-guide.block.md
answer-guides/midlife-stamina-drop-guide.md	midlife-stamina-drop-guide.block.md
answer-guides/fatigue-after-diet-guide.md	fatigue-after-diet-guide.block.md
answer-guides/brain-fog-focus-guide.md	brain-fog-focus-guide.block.md
answer-guides/sleep-autonomic-guide.md	sleep-autonomic-guide.block.md
answer-guides/unclear-head-after-sleep-guide.md	unclear-head-after-sleep-guide.block.md
answer-guides/forgetful-low-focus-guide.md	forgetful-low-focus-guide.block.md
answer-guides/student-stamina-focus-guide.md	student-stamina-focus-guide.block.md
answer-guides/bloating-gas-guide.md	bloating-gas-guide.block.md
answer-guides/dyspepsia-guide.md	dyspepsia-guide.block.md
answer-guides/normal-endoscopy-dyspepsia-guide.md	normal-endoscopy-dyspepsia-guide.block.md
answer-guides/stress-digestion-guide.md	stress-digestion-guide.block.md
answer-guides/early-satiety-guide.md	early-satiety-guide.block.md
answer-guides/postmeal-sleepiness-guide.md	postmeal-sleepiness-guide.block.md
answer-guides/dizzy-after-meal-guide.md	dizzy-after-meal-guide.block.md
answer-guides/cold-hands-feet-guide.md	cold-hands-feet-guide.block.md
answer-guides/cold-and-numb-hands-feet-guide.md	cold-and-numb-hands-feet-guide.block.md
answer-guides/finger-color-change-cold-guide.md	finger-color-change-cold-guide.block.md
answer-guides/one-cold-foot-guide.md	one-cold-foot-guide.block.md
answer-guides/evening-leg-swelling-guide.md	evening-leg-swelling-guide.block.md
answer-guides/acute-wry-neck-morning-guide.md	acute-wry-neck-morning-guide.block.md
answer-guides/arm-numbness-without-shoulder-pain-guide.md	arm-numbness-without-shoulder-pain-guide.block.md
answer-guides/headache-neck-tension-guide.md	headache-neck-tension-guide.block.md
answer-guides/inner-shoulder-blade-pain-computer-guide.md	inner-shoulder-blade-pain-computer-guide.block.md
answer-guides/neck-turn-shoulder-pain-guide.md	neck-turn-shoulder-pain-guide.block.md
answer-guides/night-hand-numbness-guide.md	night-hand-numbness-guide.block.md
answer-guides/night-shoulder-pain-guide.md	night-shoulder-pain-guide.block.md
answer-guides/overhead-shoulder-pain-guide.md	overhead-shoulder-pain-guide.block.md
answer-guides/shoulder-pain-reaching-behind-guide.md	shoulder-pain-reaching-behind-guide.block.md
answer-guides/frequent-colds-child-tonic-guide.md	frequent-colds-child-tonic-guide.block.md
answer-guides/poor-appetite-slow-growth-guide.md	poor-appetite-slow-growth-guide.block.md
answer-guides/shorter-than-peers-growth-guide.md	shorter-than-peers-growth-guide.block.md
answer-guides/sleep-and-child-growth-guide.md	sleep-and-child-growth-guide.block.md
answer-guides/thin-low-stamina-child-guide.md	thin-low-stamina-child-guide.block.md
answer-guides/when-child-tonic-guide.md	when-child-tonic-guide.block.md
answer-guides/delayed-lowback-pain-after-accident-guide.md	delayed-lowback-pain-after-accident-guide.block.md
answer-guides/headache-dizziness-after-accident-guide.md	headache-dizziness-after-accident-guide.block.md
answer-guides/next-day-neck-pain-after-accident-guide.md	next-day-neck-pain-after-accident-guide.block.md
answer-guides/normal-xray-persistent-pain-after-accident-guide.md	normal-xray-persistent-pain-after-accident-guide.block.md
answer-guides/sleep-palpitations-after-accident-guide.md	sleep-palpitations-after-accident-guide.block.md
answer-guides/when-to-stop-treatment-after-accident-guide.md	when-to-stop-treatment-after-accident-guide.block.md
answer-guides/lighter-period-guide.md	lighter-period-guide.block.md
answer-guides/menopause-heat-sleep-guide.md	menopause-heat-sleep-guide.block.md
answer-guides/period-pain-worsening-guide.md	period-pain-worsening-guide.block.md
answer-guides/pms-headache-swelling-guide.md	pms-headache-swelling-guide.block.md
answer-guides/post-period-fatigue-guide.md	post-period-fatigue-guide.block.md
answer-guides/postpartum-recovery-slow-guide.md	postpartum-recovery-slow-guide.block.md
answer-guides/women-lifecycle-guide.md	women-lifecycle-guide.block.md